Date,volatility,label
2017-02-15,0.0035528266626308406,0
2017-02-16,0.003394569535920822,0
2017-02-17,0.0033905166247763267,0
2017-02-21,0.003473953706443941,0
2017-02-22,0.0034043730117876442,0
2017-02-23,0.003395823721425765,0
2017-02-24,0.0033961731902023514,0
2017-02-27,0.003335745294648148,0
2017-02-28,0.003450658510181948,0
2017-03-01,0.004069142845790687,0
2017-03-02,0.004315883231673595,0
2017-03-03,0.004256549768198923,0
2017-03-06,0.00432532221154654,0
2017-03-07,0.004352443950864355,0
2017-03-08,0.004271690640608211,0
2017-03-09,0.004143777356856868,0
2017-03-10,0.004134645231335486,0
2017-03-13,0.0041141023126618,0
2017-03-14,0.004068049148335431,0
2017-03-15,0.004353689431600653,0
2017-03-16,0.0043005912906835825,0
2017-03-17,0.004311888929065148,0
2017-03-20,0.004227419246279132,0
2017-03-21,0.0048208030517101,0
2017-03-22,0.0048210457127194515,0
2017-03-23,0.004840567808039002,0
2017-03-24,0.004794386598418632,0
2017-03-27,0.0047616502877907705,0
2017-03-28,0.004829486209461817,0
2017-03-29,0.004765550228165352,0
2017-03-30,0.00473556164851881,0
2017-03-31,0.004732583285774047,0
2017-04-03,0.004754039307829918,0
2017-04-04,0.004619255690427206,0
2017-04-05,0.004639435551381489,0
2017-04-06,0.004649901081505662,0
2017-04-07,0.00462650403976394,0
2017-04-10,0.004628635843882803,0
2017-04-11,0.004587951372736695,0
2017-04-12,0.003817330908461717,0
2017-04-13,0.0038748390765379784,0
2017-04-17,0.004229455106235828,0
2017-04-18,0.004226631619216944,0
2017-04-19,0.004207901224446894,0
2017-04-20,0.004464561503558628,0
2017-04-21,0.004479234549410252,0
2017-04-24,0.00488997615592675,0
2017-04-25,0.005080253687149069,0
2017-04-26,0.005027422336113405,0
2017-04-27,0.00471595469399427,0
2017-04-28,0.004719967489710653,0
2017-05-01,0.004718319526073297,0
2017-05-02,0.004684118716825845,0
2017-05-03,0.004122882071426935,0
2017-05-04,0.004123416174649975,0
2017-05-05,0.004150468303746337,0
2017-05-08,0.004146787513930902,0
2017-05-09,0.0041301880187265124,0
2017-05-10,0.004006985862762435,0
2017-05-11,0.004030481184594884,0
2017-05-12,0.0039840737749916024,0
2017-05-15,0.004075645766420033,0
2017-05-16,0.004060148521408526,0
2017-05-17,0.005024683755480602,0
2017-05-18,0.00501156184145175,0
2017-05-19,0.005196179783733652,0
2017-05-22,0.005237178616777865,0
2017-05-23,0.005244809059571239,0
2017-05-24,0.005256417804751642,0
2017-05-25,0.0052006527435441196,0
2017-05-26,0.004949623211562015,0
2017-05-30,0.0047847191186074995,0
2017-05-31,0.004732310907701361,0
2017-06-01,0.004816141209364956,0
2017-06-02,0.0046639557829399325,0
2017-06-05,0.004632965495309081,0
2017-06-06,0.00430296943255518,0
2017-06-07,0.004117707974350357,0
2017-06-08,0.004117130835115006,0
2017-06-09,0.004124319671902563,0
2017-06-12,0.004100438878031712,0
2017-06-13,0.004131222674307801,0
2017-06-14,0.004147678475217234,0
2017-06-15,0.004159219344083968,0
2017-06-16,0.004176048120134251,0
2017-06-19,0.004313642419886924,0
2017-06-20,0.004505111799143286,0
2017-06-21,0.004524255479602682,0
2017-06-22,0.00450919239684885,0
2017-06-23,0.004484658326484749,0
2017-06-26,0.004477178073381011,0
2017-06-27,0.004606463310459029,0
2017-06-28,0.004803513707465954,0
2017-06-29,0.004134534750256724,0
2017-06-30,0.004139294613085276,0
2017-07-03,0.003932367622144452,0
2017-07-05,0.003869296570031146,0
2017-07-06,0.004193449227059841,0
2017-07-07,0.004278507305605567,0
2017-07-10,0.004242827170932996,0
2017-07-11,0.004240942425321981,0
2017-07-12,0.004332839744648527,0
2017-07-13,0.00433948893195777,0
2017-07-14,0.004178731343069218,0
2017-07-17,0.004166126008005214,0
2017-07-18,0.0041628227463917965,0
2017-07-19,0.004217248481054557,0
2017-07-20,0.004222738779740767,0
2017-07-21,0.0042230082111299645,0
2017-07-24,0.00425687163013122,0
2017-07-25,0.004435947423043877,0
2017-07-26,0.004395946333079373,0
2017-07-27,0.004385395857639982,0
2017-07-28,0.004364379016053428,0
2017-07-31,0.004356555412749079,0
2017-08-01,0.004176353076194508,0
2017-08-02,0.003962210473745402,0
2017-08-03,0.003982137322203468,0
2017-08-04,0.003984336444829611,0
2017-08-07,0.003985328311933672,0
2017-08-08,0.0040288987364092066,0
2017-08-09,0.0037547514053658565,0
2017-08-10,0.004296105976613143,0
2017-08-11,0.0039338832535883795,0
2017-08-14,0.004246999106681978,0
2017-08-15,0.004250731986245331,0
2017-08-16,0.004268437043276579,0
2017-08-17,0.004909161444904368,0
2017-08-18,0.004833501135289875,0
2017-08-21,0.004830360094899175,0
2017-08-22,0.005183553908529742,0
2017-08-23,0.005135488252146381,0
2017-08-24,0.005144768561706158,0
2017-08-25,0.005109010494017198,0
2017-08-28,0.005111476689737673,0
2017-08-29,0.005107221488855667,0
2017-08-30,0.005093038222792006,0
2017-08-31,0.005168462539130366,0
2017-09-01,0.005192365130574962,0
2017-09-05,0.005296940068599914,0
2017-09-06,0.005167552096457696,0
2017-09-07,0.005178930710685749,0
2017-09-08,0.005182377225178142,0
2017-09-11,0.005483294491421863,0
2017-09-12,0.005504495205342851,0
2017-09-13,0.005494691236668929,0
2017-09-14,0.005497456459534032,0
2017-09-15,0.005468145435418628,0
2017-09-18,0.005477518543270865,0
2017-09-19,0.00550092237182548,0
2017-09-20,0.005469759324423958,0
2017-09-21,0.005479918836321943,0
2017-09-22,0.00480976338825921,0
2017-09-25,0.004841582812610174,0
2017-09-26,0.004588730831103763,0
2017-09-27,0.004592275156750468,0
2017-09-28,0.00458556812436511,0
2017-09-29,0.0034185358188688632,0
2017-10-02,0.0033826279861624404,0
2017-10-03,0.0033880051043309566,0
2017-10-04,0.0029686219516828934,0
2017-10-05,0.0029334125055994753,0
2017-10-06,0.0028970611025790852,0
2017-10-09,0.0029758130307575245,0
2017-10-10,0.0029760043425140137,0
2017-10-11,0.0029810476954608405,0
2017-10-12,0.0029663824677312067,0
2017-10-13,0.0029046017091019297,0
2017-10-16,0.002903172171816904,0
2017-10-17,0.0025529015832811567,0
2017-10-18,0.002542683233582514,0
2017-10-19,0.0025466417177282545,0
2017-10-20,0.002564869635696843,0
2017-10-23,0.0022358558046985545,0
2017-10-24,0.0022146971107775675,0
2017-10-25,0.002381767661939645,0
2017-10-26,0.0024208733442033833,0
2017-10-27,0.002438524208348369,0
2017-10-30,0.002755499065424067,0
2017-10-31,0.002719087446095208,0
2017-11-01,0.002729396903480398,0
2017-11-02,0.002681286740182223,0
2017-11-03,0.002683370543811333,0
2017-11-06,0.0026635241740091205,0
2017-11-07,0.0026479483666349986,0
2017-11-08,0.002643518095065482,0
2017-11-09,0.0027588381613311754,0
2017-11-10,0.0027429070474382596,0
2017-11-13,0.0026464186096563074,0
2017-11-14,0.0026401189647370267,0
2017-11-15,0.002977585893266539,0
2017-11-16,0.0032730811382332345,0
2017-11-17,0.003265166544797496,0
2017-11-20,0.0032623535642666217,0
2017-11-21,0.003423530742591617,0
2017-11-22,0.0033983797774862295,0
2017-11-24,0.003396740507574188,0
2017-11-27,0.0034217294631761525,0
2017-11-28,0.003910142031941766,0
2017-11-29,0.00389914888355619,0
2017-11-30,0.004120606269612177,0
2017-12-01,0.004139510935756527,0
2017-12-04,0.004085092800053373,0
2017-12-05,0.004067024198466404,0
2017-12-06,0.004088430119516579,0
2017-12-07,0.004014595523637961,0
2017-12-08,0.004060626527182246,0
2017-12-11,0.004057470998763491,0
2017-12-12,0.0038279219432009464,0
2017-12-13,0.0038281854242532064,0
2017-12-14,0.0039766141343565466,0
2017-12-15,0.004167565774005855,0
2017-12-18,0.0042167690088509915,0
2017-12-19,0.004269247255083414,0
2017-12-20,0.004267825643408244,0
2017-12-21,0.004271394682585336,0
2017-12-22,0.004202679510066514,0
2017-12-26,0.004201977705342718,0
2017-12-27,0.00420365149738377,0
2017-12-28,0.0041652675584193605,0
2017-12-29,0.004038746284386531,0
2018-01-02,0.003947986492673044,0
2018-01-03,0.003994856544950484,0
2018-01-04,0.004052150208804814,0
2018-01-05,0.00412944164662829,0
2018-01-08,0.004095415584138061,0
2018-01-09,0.004093258778767263,0
2018-01-10,0.004069053372010327,0
2018-01-11,0.003838141289475925,0
2018-01-12,0.003964526853691913,0
2018-01-16,0.004008467537650265,0
2018-01-17,0.004121765644035683,0
2018-01-18,0.004192997899725853,0
2018-01-19,0.00411872296392425,0
2018-01-22,0.004131623015223595,0
2018-01-23,0.004137877152042565,0
2018-01-24,0.004131523180874663,0
2018-01-25,0.004135913749798986,0
2018-01-26,0.004351384320351506,0
2018-01-29,0.004690465924479158,0
2018-01-30,0.005050253199542017,0
2018-01-31,0.0049325352013950136,0
2018-02-01,0.0049480250728768434,0
2018-02-02,0.006299902103900586,1
2018-02-05,0.009755865542830288,1
2018-02-06,0.010247639285919236,1
2018-02-07,0.010266297412607628,1
2018-02-08,0.01223946835460475,2
2018-02-09,0.012572891983179402,2
2018-02-12,0.012776170621164379,2
2018-02-13,0.012754416644133593,2
2018-02-14,0.012913992766181768,2
2018-02-15,0.013129115685467289,2
2018-02-16,0.013091894149831067,2
2018-02-20,0.013103908426701335,2
2018-02-21,0.013142783108960564,2
2018-02-22,0.013145363311883209,2
2018-02-23,0.013418777761991671,2
2018-02-26,0.013525543147101875,2
2018-02-27,0.013689574933886225,2
2018-02-28,0.013796177249581714,2
2018-03-01,0.013813328158392677,2
2018-03-02,0.01383995961658399,2
2018-03-05,0.01398422094726191,2
2018-03-06,0.013914801239134706,2
2018-03-07,0.013906536433981284,2
2018-03-08,0.013964113404841726,2
2018-03-09,0.014297942571963112,2
2018-03-12,0.01416445610620389,2
2018-03-13,0.014147188210574162,2
2018-03-14,0.014062030994836947,2
2018-03-15,0.014060184501267068,2
2018-03-16,0.01407387949569585,2
2018-03-19,0.013803593835427506,2
2018-03-20,0.011659925430247896,2
2018-03-21,0.011250081946554667,2
2018-03-22,0.012195717432308722,2
2018-03-23,0.010741093195947906,1
2018-03-26,0.011401452106327889,2
2018-03-27,0.011538649251613017,2
2018-03-28,0.011536529319174437,2
2018-03-29,0.011575173522279398,2
2018-04-02,0.011759993436302817,2
2018-04-03,0.012041816510440027,2
2018-04-04,0.012131406686634875,2
2018-04-05,0.01218459588920267,2
2018-04-06,0.012745177530040107,2
2018-04-09,0.012436854826170105,2
2018-04-10,0.012647727798849881,2
2018-04-11,0.012428368375418868,2
2018-04-12,0.01235536615612661,2
2018-04-13,0.012188492556298369,2
2018-04-16,0.012255475332238757,2
2018-04-17,0.01220666222161629,2
2018-04-18,0.012202107087969297,2
2018-04-19,0.012210833630129212,2
2018-04-20,0.012230788937013199,2
2018-04-23,0.011843125001285409,2
2018-04-24,0.012092335288280949,2
2018-04-25,0.012068241617131114,2
2018-04-26,0.012279706817362296,2
2018-04-27,0.01227945659144355,2
2018-04-30,0.01235081724252943,2
2018-05-01,0.012129499687215571,2
2018-05-02,0.012166905042811494,2
2018-05-03,0.01216691102403756,2
2018-05-04,0.011407791692090666,2
2018-05-07,0.010835399297574431,2
2018-05-08,0.009802918759103,1
2018-05-09,0.009469730340822598,1
2018-05-10,0.009525532695107801,1
2018-05-11,0.009215519332299377,1
2018-05-14,0.008297653437152412,1
2018-05-15,0.008139859116588889,1
2018-05-16,0.007987922678930203,1
2018-05-17,0.007874173586102493,1
2018-05-18,0.0067420380829370605,1
2018-05-21,0.006845091001057039,1
2018-05-22,0.006298993480344918,1
2018-05-23,0.006229512502593915,0
2018-05-24,0.006144848678459445,0
2018-05-25,0.006185325706899516,0
2018-05-29,0.006406994736769412,1
2018-05-30,0.006645423334056371,1
2018-05-31,0.006764217938586106,1
2018-06-01,0.006956658116848303,1
2018-06-04,0.006847445452156583,1
2018-06-05,0.006849844691682819,1
2018-06-06,0.006369874153409241,1
2018-06-07,0.006371009150111072,1
2018-06-08,0.006081047218937522,0
2018-06-11,0.00607196710402753,0
2018-06-12,0.005765927409416763,0
2018-06-13,0.00584988542625431,0
2018-06-14,0.00561520703009306,0
2018-06-15,0.005619870185873289,0
2018-06-18,0.005414302597745032,0
2018-06-19,0.00553356681908279,0
2018-06-20,0.005546917239501978,0
2018-06-21,0.005541458834651203,0
2018-06-22,0.005358688709249203,0
2018-06-25,0.0057646995285960045,0
2018-06-26,0.0057787606852795674,0
2018-06-27,0.005832270266212676,0
2018-06-28,0.005840479406891067,0
2018-06-29,0.005851409901436797,0
2018-07-02,0.0058590127079678166,0
2018-07-03,0.005727306486271823,0
2018-07-05,0.005855847798833845,0
2018-07-06,0.005980594350763735,0
2018-07-09,0.006165332293639322,0
2018-07-10,0.006151326287817975,0
2018-07-11,0.005956674940623592,0
2018-07-12,0.0056112547064544405,0
2018-07-13,0.005434888092749161,0
2018-07-16,0.005198096547991105,0
2018-07-17,0.005165730020575178,0
2018-07-18,0.005161119221487186,0
2018-07-19,0.004950673208033076,0
2018-07-20,0.004962606433670727,0
2018-07-23,0.004932005344835222,0
2018-07-24,0.0050774317568879155,0
2018-07-25,0.0052666599666379285,0
2018-07-26,0.005189666485770709,0
2018-07-27,0.00527100142747874,0
2018-07-30,0.005370776367244207,0
2018-07-31,0.0054312971680973154,0
2018-08-01,0.005442728347882665,0
2018-08-02,0.005454095334946412,0
2018-08-03,0.005310808032068089,0
2018-08-06,0.005318424264362071,0
2018-08-07,0.004743538569848314,0
2018-08-08,0.004803395049995768,0
2018-08-09,0.004622532320791407,0
2018-08-10,0.004759040603955129,0
2018-08-13,0.0048511440844139705,0
2018-08-14,0.0049176312289922796,0
2018-08-15,0.0051403680192616975,0
2018-08-16,0.0052119681247789615,0
2018-08-17,0.005091923239533484,0
2018-08-20,0.004925588950558962,0
2018-08-21,0.004896068222584095,0
2018-08-22,0.004637696370679178,0
2018-08-23,0.0044779646939590205,0
2018-08-24,0.004633466219722305,0
2018-08-27,0.004756117042612851,0
2018-08-28,0.004753637874913844,0
2018-08-29,0.0048231446997805015,0
2018-08-30,0.004885684867322249,0
2018-08-31,0.0048666881080840765,0
2018-09-04,0.004895486241180969,0
2018-09-05,0.004803497382048926,0
2018-09-06,0.004613177314929161,0
2018-09-07,0.004633362611258696,0
2018-09-10,0.004576449655380216,0
2018-09-11,0.004438872848701394,0
2018-09-12,0.004362872755552676,0
2018-09-13,0.004247107738883772,0
2018-09-14,0.004224641314812874,0
2018-09-17,0.004266742943934841,0
2018-09-18,0.004282946365238257,0
2018-09-19,0.004262546002216237,0
2018-09-20,0.004353947646404519,0
2018-09-21,0.004285357714148358,0
2018-09-24,0.004235768437062168,0
2018-09-25,0.004134894136493383,0
2018-09-26,0.004154871089221003,0
2018-09-27,0.0037285840756596587,0
2018-09-28,0.0034582782347596665,0
2018-10-01,0.003552207697625052,0
2018-10-02,0.0035118118478674808,0
2018-10-03,0.003494709360557463,0
2018-10-04,0.003682626373596802,0
2018-10-05,0.0037169693619528202,0
2018-10-08,0.0035046824924688715,0
2018-10-09,0.003313498515147619,0
2018-10-10,0.00639637543843617,1
2018-10-11,0.007220907042047749,1
2018-10-12,0.007716790660379072,1
2018-10-15,0.007747571681358505,1
2018-10-16,0.008630314048436364,1
2018-10-17,0.00862816740735232,1
2018-10-18,0.008933121967074586,1
2018-10-19,0.008930743477344781,1
2018-10-22,0.00892644709232325,1
2018-10-23,0.008969402566332317,1
2018-10-24,0.010178961331508214,1
2018-10-25,0.01058089813646706,1
2018-10-26,0.010809693730170822,2
2018-10-29,0.010814815330709594,2
2018-10-30,0.01132461950434369,2
2018-10-31,0.011574411281872284,2
2018-11-01,0.011606369481120449,2
2018-11-02,0.011597451048785155,2
2018-11-05,0.01172720411214307,2
2018-11-06,0.011791901260315879,2
2018-11-07,0.012410661800786878,2
2018-11-08,0.012424080619698642,2
2018-11-09,0.012474453678780792,2
2018-11-12,0.012743350001198629,2
2018-11-13,0.012737940707996208,2
2018-11-14,0.012745270005575694,2
2018-11-15,0.01291573650062526,2
2018-11-16,0.012918469678297071,2
2018-11-19,0.013209286876952508,2
2018-11-20,0.013539361739873076,2
2018-11-21,0.012554889577336718,2
2018-11-23,0.012096653177932118,2
2018-11-26,0.012148203550171634,2
2018-11-27,0.012144603672200271,2
2018-11-28,0.012309013973188784,2
2018-11-29,0.012309742751456718,2
2018-11-30,0.012219154277040649,2
2018-12-03,0.012338267647902119,2
2018-12-04,0.013564417469531199,2
2018-12-06,0.013512694216352915,2
2018-12-07,0.013064447956836943,2
2018-12-10,0.012771957260355554,2
2018-12-11,0.01248516484799796,2
2018-12-12,0.012494351716525168,2
2018-12-13,0.012097771217404102,2
2018-12-14,0.012287576482648003,2
2018-12-17,0.01259735856524306,2
2018-12-18,0.012604584503816938,2
2018-12-19,0.012599726128930904,2
2018-12-20,0.012658524720600054,2
2018-12-21,0.012152838876681997,2
2018-12-24,0.012918009332941295,2
2018-12-26,0.016154406219681623,2
2018-12-27,0.016119887420963774,2
2018-12-28,0.016116983285257964,2
2018-12-31,0.01623054410838979,2
2019-01-02,0.016100655909393788,2
2019-01-03,0.016466342254134184,2
2019-01-04,0.017599703369939667,2
2019-01-07,0.017374327500085267,2
2019-01-08,0.017453132039164716,2
2019-01-09,0.01740250524856807,2
2019-01-10,0.017217929994695815,2
2019-01-11,0.017211962964259444,2
2019-01-14,0.01668934083025034,2
2019-01-15,0.01675653865354956,2
2019-01-16,0.016649748320983992,2
2019-01-17,0.016628344837663064,2
2019-01-18,0.015850568668960844,2
2019-01-22,0.01600957057746357,2
2019-01-23,0.015490316366749291,2
2019-01-24,0.015497854272482512,2
2019-01-25,0.015547854318161762,2
2019-01-28,0.015670357793060537,2
2019-01-29,0.015670548018864645,2
2019-01-30,0.015477911902801116,2
2019-01-31,0.015066891485770192,2
2019-02-01,0.015069806450531867,2
2019-02-04,0.01482441535413869,2
2019-02-05,0.014494182843579357,2
2019-02-06,0.013938502859797041,2
2019-02-07,0.012801950055159661,2
2019-02-08,0.009892454644468657,1
2019-02-11,0.0098124484875324,1
2019-02-12,0.009900671004552912,1
2019-02-13,0.009857801087327896,1
2019-02-14,0.009931362141024646,1
2019-02-15,0.008888650399101503,1
2019-02-19,0.006836180849794143,1
2019-02-20,0.006779164624901236,1
2019-02-21,0.006767426725401747,1
2019-02-22,0.006799911645235384,1
2019-02-25,0.006777384052940103,1
2019-02-26,0.006794781999066105,1
2019-02-27,0.006678577828546571,1
2019-02-28,0.006710052630097593,1
2019-03-01,0.006733075871230399,1
2019-03-04,0.006783443328826103,1
2019-03-05,0.006433347227189303,1
2019-03-06,0.006130291700305717,0
2019-03-07,0.006339186806539239,1
2019-03-08,0.006361670450404895,1
2019-03-11,0.006585390412784926,1
2019-03-12,0.00616566559095315,0
2019-03-13,0.006249376807828464,0
2019-03-14,0.005887320757910072,0
2019-03-15,0.0055733923418856855,0
2019-03-18,0.005595990350319197,0
2019-03-19,0.005523063996745554,0
2019-03-20,0.005560000469929473,0
2019-03-21,0.005759892836590041,0
2019-03-22,0.006383751905208875,1
2019-03-25,0.006383604668654434,1
2019-03-26,0.006550464446143767,1
2019-03-27,0.006335650659143169,1
2019-03-28,0.006316867338138672,1
2019-03-29,0.006355207882119079,1
2019-04-01,0.006287030465807954,0
2019-04-02,0.006287594516622006,0
2019-04-03,0.0062721529426382015,0
2019-04-04,0.006234586275635887,0
2019-04-05,0.0062049878005289195,0
2019-04-08,0.006205089857312745,0
2019-04-09,0.006349878754641631,1
2019-04-10,0.0063590933509648905,1
2019-04-11,0.006309321236070857,1
2019-04-12,0.00633543664457583,1
2019-04-15,0.006221797729891965,0
2019-04-16,0.006203476512411982,0
2019-04-17,0.0060094826432488865,0
2019-04-18,0.005774161588860555,0
2019-04-22,0.005702032201059603,0
2019-04-23,0.0053801124712392345,0
2019-04-24,0.0054783852340518305,0
2019-04-25,0.0053607524620388845,0
2019-04-26,0.005393444339974858,0
2019-04-29,0.005384707080958943,0
2019-04-30,0.005374233074809599,0
2019-05-01,0.005780693343563752,0
2019-05-02,0.005771573652163979,0
2019-05-03,0.005725473051524818,0
2019-05-06,0.0046819658659114465,0
2019-05-07,0.005558542410899692,0
2019-05-08,0.005361966481428893,0
2019-05-09,0.005304776804496085,0
2019-05-10,0.005396045238426165,0
2019-05-13,0.006704510182215511,1
2019-05-14,0.006585270398635863,1
2019-05-15,0.006619019487655094,1
2019-05-16,0.00691589927732678,1
2019-05-17,0.006981408665358056,1
2019-05-20,0.00692851926982263,1
2019-05-21,0.007080940474020604,1
2019-05-22,0.007018396751584644,1
2019-05-23,0.007287427771911621,1
2019-05-24,0.007299809257889392,1
2019-05-28,0.007377630969695265,1
2019-05-29,0.007430900382545292,1
2019-05-30,0.007431453470874635,1
2019-05-31,0.007734005444538242,1
2019-06-03,0.007762515573121402,1
2019-06-04,0.008854681720995378,1
2019-06-05,0.008927189339901534,1
2019-06-06,0.008996424677301726,1
2019-06-07,0.009165149953243624,1
2019-06-10,0.009117788418580746,1
2019-06-11,0.009111933345328616,1
2019-06-12,0.009080455174650564,1
2019-06-13,0.008942797824937232,1
2019-06-14,0.008928299040266017,1
2019-06-17,0.008782813118677594,1
2019-06-18,0.00889826166674357,1
2019-06-19,0.008438563317770383,1
2019-06-20,0.008662960367449724,1
2019-06-21,0.008648194269582738,1
2019-06-24,0.008624832568529618,1
2019-06-25,0.007701211442378981,1
2019-06-26,0.007619386412697892,1
2019-06-27,0.007623525287480936,1
2019-06-28,0.0074710356217279755,1
2019-07-01,0.007394265676220087,1
2019-07-02,0.007347901899670078,1
2019-07-03,0.007354156210198268,1
2019-07-05,0.007311958922076741,1
2019-07-08,0.0069939186411292235,1
2019-07-09,0.006995190373126723,1
2019-07-10,0.0066324758752426645,1
2019-07-11,0.0064422338300244375,1
2019-07-12,0.006444305176688707,1
2019-07-15,0.005745677676263628,0
2019-07-16,0.005850725577582477,0
2019-07-17,0.00493593200710145,0
2019-07-18,0.004812977737254537,0
2019-07-19,0.00492961205543276,0
2019-07-22,0.004721459781156692,0
2019-07-23,0.0048346304446365345,0
2019-07-24,0.004835783843255315,0
2019-07-25,0.004937701851695554,0
2019-07-26,0.005018810637957713,0
2019-07-29,0.0050596362043763545,0
2019-07-30,0.005112161243596682,0
2019-07-31,0.005424174406679043,0
2019-08-01,0.005705973390787098,0
2019-08-02,0.005441687845336645,0
2019-08-05,0.007393063039199101,1
2019-08-06,0.00779198626857722,1
2019-08-07,0.007622167883433784,1
2019-08-08,0.0083628167634521,1
2019-08-09,0.008411243072814845,1
2019-08-12,0.008627796997431185,1
2019-08-13,0.00888808894355668,1
2019-08-14,0.010187385393619075,1
2019-08-15,0.010051723634051981,1
2019-08-16,0.010515242900653385,1
2019-08-19,0.010769468186734571,2
2019-08-20,0.010841342886179047,2
2019-08-21,0.01100429367091868,2
2019-08-22,0.010973832904859003,2
2019-08-23,0.011732416802620414,2
2019-08-26,0.01196894988433453,2
2019-08-27,0.0119690284423247,2
2019-08-28,0.012053736079288866,2
2019-08-29,0.012285001701058096,2
2019-08-30,0.012253491119872595,2
2019-09-03,0.012281258664998723,2
2019-09-04,0.012382151180497084,2
2019-09-05,0.012544757630968293,2
2019-09-06,0.012524968146835782,2
2019-09-09,0.012441768920462027,2
2019-09-10,0.012435263788471528,2
2019-09-11,0.012479581359352527,2
2019-09-12,0.01229747680173154,2
2019-09-13,0.012154034091807063,2
2019-09-16,0.012071133017495985,2
2019-09-17,0.010791476749614016,2
2019-09-18,0.010621861587690974,1
2019-09-19,0.010616780645666294,1
2019-09-20,0.010165985073940719,1
2019-09-23,0.010088477180129125,1
2019-09-24,0.009869579671532486,1
2019-09-25,0.009670255490161093,1
2019-09-26,0.00798256949830908,1
2019-09-27,0.008046470591806966,1
2019-09-30,0.007641910024995949,1
2019-10-01,0.007870394774223443,1
2019-10-02,0.008558707566915309,1
2019-10-03,0.008469096298877198,1
2019-10-04,0.00884331796204819,1
2019-10-07,0.007534110663979636,1
2019-10-08,0.0078104661493828414,1
2019-10-09,0.00793774147055936,1
2019-10-10,0.007945959713822556,1
2019-10-11,0.007834552695701838,1
2019-10-14,0.007844076194617994,1
2019-10-15,0.007905834561273408,1
2019-10-16,0.007709695434860698,1
2019-10-17,0.007445241954470752,1
2019-10-18,0.0074878805369127995,1
2019-10-21,0.007554371096788471,1
2019-10-22,0.00757621254325169,1
2019-10-23,0.007525190810342246,1
2019-10-24,0.0075161905164104715,1
2019-10-25,0.007556069853026087,1
2019-10-28,0.00754090213288151,1
2019-10-29,0.007508484646399041,1
2019-10-30,0.007544039046155031,1
2019-10-31,0.0075924320765992,1
2019-11-01,0.007733412734787846,1
2019-11-04,0.007736011529925819,1
2019-11-05,0.007609885246781304,1
2019-11-06,0.00757145536358409,1
2019-11-07,0.0075917371521381635,1
2019-11-08,0.007545457141311147,1
2019-11-11,0.00756538540663681,1
2019-11-12,0.006984523879429846,1
2019-11-13,0.0057387041266986644,0
2019-11-14,0.005631629349811161,0
2019-11-15,0.005281858538292924,0
2019-11-18,0.005218754787942235,0
2019-11-19,0.004234329086102341,0
2019-11-20,0.004088110507285126,0
2019-11-21,0.003913789030060393,0
2019-11-22,0.0035807754647817183,0
2019-11-25,0.003603071815335126,0
2019-11-26,0.003355427128707178,0
2019-11-27,0.0032543925763236095,0
2019-11-29,0.003380953534133889,0
2019-12-02,0.0036975318325198755,0
2019-12-03,0.0038794202804255783,0
2019-12-04,0.003934277740593635,0
2019-12-05,0.003910410212524517,0
2019-12-06,0.004150289649772374,0
2019-12-09,0.004173300846710371,0
2019-12-10,0.004179239530306752,0
2019-12-11,0.0041856662630683755,0
2019-12-12,0.0043988428736996535,0
2019-12-13,0.004291939766593904,0
2019-12-16,0.00414745688825852,0
2019-12-17,0.004137732517806825,0
2019-12-18,0.004142185544974844,0
2019-12-19,0.004171396834712923,0
2019-12-20,0.0041607708133125565,0
2019-12-23,0.004154983642244888,0
2019-12-24,0.004106295967490784,0
2019-12-26,0.0041155858589534775,0
2019-12-27,0.004119206626981361,0
2019-12-30,0.004333894885781109,0
2019-12-31,0.00417573717183393,0
2020-01-02,0.004344943927906473,0
2020-01-03,0.004599145161024457,0
2020-01-06,0.00460715887315913,0
2020-01-07,0.004630190865599687,0
2020-01-08,0.004649080132158201,0
2020-01-09,0.004699017020083899,0
2020-01-10,0.004749956475554115,0
2020-01-13,0.004861845987557726,0
2020-01-14,0.0047972200516375645,0
2020-01-15,0.0044341931991034094,0
2020-01-16,0.0042505426353812315,0
2020-01-17,0.004167179455422192,0
2020-01-21,0.004328978334714827,0
2020-01-22,0.0041440338268162215,0
2020-01-23,0.004077501789374165,0
2020-01-24,0.004427671770281995,0
2020-01-27,0.005364287154138592,0
2020-01-28,0.005305538727795625,0
2020-01-29,0.005319681542032656,0
2020-01-30,0.005260877469567259,0
2020-01-31,0.006303114986098678,1
2020-02-03,0.006379665600970282,1
2020-02-04,0.00669998538574738,1
2020-02-05,0.0069579803138246216,1
2020-02-06,0.0069574571934038956,1
2020-02-07,0.007005818113694892,1
2020-02-10,0.0070519264049820375,1
2020-02-11,0.00707519606976034,1
2020-02-12,0.00703151128711039,1
2020-02-13,0.007033944297497795,1
2020-02-14,0.0069219904692070745,1
2020-02-18,0.006796382282199704,1
2020-02-19,0.006803702606017644,1
2020-02-20,0.006799616640390019,1
2020-02-21,0.006963519089630111,1
2020-02-24,0.008904739240230055,1
2020-02-25,0.010602872150823036,1
2020-02-26,0.010497957898090774,1
2020-02-27,0.012764422268403363,2
2020-02-28,0.012791608083774053,2
2020-03-02,0.015210623593179325,2
2020-03-03,0.01570438402004567,2
2020-03-04,0.01760473394659657,2
2020-03-05,0.01857716322592718,2
2020-03-06,0.01873144181101193,2
2020-03-09,0.023483611247462004,2
2020-03-10,0.02515605601943686,2
2020-03-11,0.026489084328173592,2
2020-03-12,0.03174747606026824,2
2020-03-13,0.03670472380816367,2
2020-03-16,0.04205307588903333,2
2020-03-17,0.04379376945342197,2
2020-03-18,0.04460403801854157,2
2020-03-19,0.0446402646659033,2
2020-03-20,0.044828531261343736,2
2020-03-23,0.04506574977291507,2
2020-03-24,0.04994679129657082,2
2020-03-25,0.05024366839974984,2
2020-03-26,0.0518795691029311,2
2020-03-27,0.05207976011077144,2
2020-03-30,0.052504266310420954,2
2020-03-31,0.052528985769363656,2
2020-04-01,0.05290599684691063,2
2020-04-02,0.053332774467833376,2
2020-04-03,0.05336010275432191,2
2020-04-06,0.055104988868716356,2
2020-04-07,0.0548693979173035,2
2020-04-08,0.055419512459190454,2
2020-04-09,0.05501140226593593,2
2020-04-13,0.05503006540914158,2
2020-04-14,0.05463377566675297,2
2020-04-15,0.05467062340581805,2
2020-04-16,0.05410050676676057,2
2020-04-17,0.05436061272349711,2
2020-04-20,0.05438036984416181,2
2020-04-21,0.05252128812925172,2
2020-04-22,0.05202854477780262,2
2020-04-23,0.051090873160542394,2
2020-04-24,0.04714732218280533,2
2020-04-27,0.04434943844308801,2
2020-04-28,0.037833827180156154,2
2020-04-29,0.03676102091957794,2
2020-04-30,0.03483714794405539,2
2020-05-01,0.03545056097710916,2
2020-05-04,0.03453383733659809,2
2020-05-05,0.03340733044651113,2
2020-05-06,0.02816664147747815,2
2020-05-07,0.02805278625953539,2
2020-05-08,0.026029331039779516,2
2020-05-11,0.025135793776117823,2
2020-05-12,0.025054862529174313,2
2020-05-13,0.025100285252540107,2
2020-05-14,0.02346898040290361,2
2020-05-15,0.02305188089492601,2
2020-05-18,0.02357264374627648,2
2020-05-19,0.020394865185168663,2
2020-05-20,0.020498655677971555,2
2020-05-21,0.019490196128114787,2
2020-05-22,0.019329014499717828,2
2020-05-26,0.019289025663325396,2
2020-05-27,0.019097976458265598,2
2020-05-28,0.018291601865737795,2
2020-05-29,0.018242406716359672,2
2020-06-01,0.016768941798454454,2
2020-06-02,0.016320733188308314,2
2020-06-03,0.015288240022946823,2
2020-06-04,0.015005667831684487,2
2020-06-05,0.01567551812687651,2
2020-06-08,0.015713482165075197,2
2020-06-09,0.015807020711849265,2
2020-06-10,0.016025394402428304,2
2020-06-11,0.019662948037825752,2
2020-06-12,0.01963230201846378,2
2020-06-15,0.018782289454508827,2
2020-06-16,0.01900894734516589,2
2020-06-17,0.01908784249054026,2
2020-06-18,0.018889350878226647,2
2020-06-19,0.018815328402876638,2
2020-06-22,0.018511945785348687,2
2020-06-23,0.01847914622821036,2
2020-06-24,0.018905333936754348,2
2020-06-25,0.018561909839530655,2
2020-06-26,0.019196643345403958,2
2020-06-29,0.019373232859377993,2
2020-06-30,0.01816021195954022,2
2020-07-01,0.017940044766512377,2
2020-07-02,0.01775078971398848,2
2020-07-06,0.01780888740139131,2
2020-07-07,0.01796011867790575,2
2020-07-08,0.017773924075357782,2
2020-07-09,0.017724128280811047,2
2020-07-10,0.01792213122393262,2
2020-07-13,0.017969719815506033,2
2020-07-14,0.0181627015045489,2
2020-07-15,0.0182299245971648,2
2020-07-16,0.017965209910067066,2
2020-07-17,0.017965025034706636,2
2020-07-20,0.017132497741954383,2
2020-07-21,0.017037606105140442,2
2020-07-22,0.016917726648731705,2
2020-07-23,0.016837229658841896,2
2020-07-24,0.011924361422738117,2
2020-07-27,0.011645296616805877,2
2020-07-28,0.011630836434560332,2
2020-07-29,0.011227987252834346,2
2020-07-30,0.011320091575328867,2
2020-07-31,0.011320439433526827,2
2020-08-03,0.01123967844281997,2
2020-08-04,0.011254471499458704,2
2020-08-05,0.011322693953038733,2
2020-08-06,0.009848006203621135,1
2020-08-07,0.009743358376296947,1
2020-08-10,0.008204207389292992,1
2020-08-11,0.007923038631206554,1
2020-08-12,0.007792544919861733,1
2020-08-13,0.007913145174136157,1
2020-08-14,0.007908002415505086,1
2020-08-17,0.007653507068813992,1
2020-08-18,0.007315369264292428,1
2020-08-19,0.007342855483245427,1
2020-08-20,0.00672924847696284,1
2020-08-21,0.006265978432547662,0
2020-08-24,0.006455882892633434,1
2020-08-25,0.005979522604460323,0
2020-08-26,0.0056759093642719995,0
2020-08-27,0.005630430520654602,0
2020-08-28,0.005765929643955972,0
2020-08-31,0.005958222519017372,0
2020-09-01,0.005781413641805083,0
2020-09-02,0.006196581853697719,0
2020-09-03,0.007901285139670176,1
2020-09-04,0.007891652329123887,1
2020-09-08,0.008930337664539736,1
2020-09-09,0.009275124349506487,1
2020-09-10,0.009843948994368162,1
2020-09-11,0.009680814275812114,1
2020-09-14,0.009892869869071015,1
2020-09-15,0.009883844758906146,1
2020-09-16,0.009864488742470074,1
2020-09-17,0.00986715664497629,1
2020-09-18,0.010007726493551217,1
2020-09-21,0.010452936164551372,1
2020-09-22,0.010426494709698917,1
2020-09-23,0.011179525420606693,2
2020-09-24,0.010990518915886704,2
2020-09-25,0.01118816475130337,2
2020-09-28,0.011549451935227611,2
2020-09-29,0.011589955767200826,2
2020-09-30,0.011728142963611535,2
2020-10-01,0.011720242795615968,2
2020-10-02,0.01171517514434715,2
2020-10-05,0.012087861270310142,2
2020-10-06,0.012038363757629662,2
2020-10-07,0.012503406065788562,2
2020-10-08,0.012603061202568568,2
2020-10-09,0.012633044766390976,2
2020-10-12,0.01264627860449346,2
2020-10-13,0.012633089163283368,2
2020-10-14,0.012667033985259606,2
2020-10-15,0.012366280005485833,2
2020-10-16,0.011415547131689808,2
2020-10-19,0.011742792555827209,2
2020-10-20,0.011060552519202885,2
2020-10-21,0.010787430095767204,2
2020-10-22,0.010301691664397166,1
2020-10-23,0.010260307557546663,1
2020-10-26,0.010783751130012112,2
2020-10-27,0.010877967338511723,2
2020-10-28,0.012338836516685442,2
2020-10-29,0.012528931484653505,2
2020-10-30,0.01247241915037698,2
2020-11-02,0.012495545223314577,2
2020-11-03,0.012857225274987494,2
2020-11-04,0.012270010370435945,2
2020-11-05,0.012514794662773597,2
2020-11-06,0.012405528230416782,2
2020-11-09,0.01351387832088566,2
2020-11-10,0.013420667582674725,2
2020-11-11,0.013367531886916932,2
2020-11-12,0.013660734663968159,2
2020-11-13,0.013921542606629133,2
2020-11-16,0.013962299119593883,2
2020-11-17,0.013654197343679264,2
2020-11-18,0.01362404096773214,2
2020-11-19,0.013538910389606546,2
2020-11-20,0.013596570974298656,2
2020-11-23,0.01374740378927848,2
2020-11-24,0.014043766097815715,2
2020-11-25,0.013992218612291718,2
2020-11-27,0.013991880709659565,2
2020-11-30,0.014173133852997972,2
2020-12-01,0.013777868719319793,2
2020-12-02,0.01377038382742935,2
2020-12-03,0.013681507352705614,2
2020-12-04,0.013747716606586458,2
2020-12-07,0.013807770268883681,2
2020-12-08,0.013030699215708492,2
2020-12-09,0.012863859431259582,2
2020-12-10,0.010840847286242676,2
2020-12-11,0.010854546717702654,2
2020-12-14,0.01099332908103754,2
2020-12-15,0.010859617326798625,2
2020-12-16,0.010639656718861166,1
2020-12-17,0.010516323293773928,1
2020-12-18,0.010362033417573092,1
2020-12-21,0.010437788474285548,1
2020-12-22,0.00880219452926732,1
2020-12-23,0.008753162960140852,1
2020-12-24,0.008756067971930485,1
2020-12-28,0.00833401365142275,1
2020-12-29,0.00783385923315223,1
2020-12-30,0.0072599248604581145,1
2020-12-31,0.007316049693415099,1
2021-01-04,0.007360023694275905,1
2021-01-05,0.007513429655377783,1
2021-01-06,0.007735651572121836,1
2021-01-07,0.007448337424085357,1
2021-01-08,0.0066401336579443365,1
2021-01-11,0.006593318874553963,1
2021-01-12,0.0065970242458022335,1
2021-01-13,0.006261141322034168,0
2021-01-14,0.006181896623273997,0
2021-01-15,0.006527434677123849,1
2021-01-19,0.006601625772902074,1
2021-01-20,0.006437983052605367,1
2021-01-21,0.006587471698469115,1
2021-01-22,0.006606945927151,1
2021-01-25,0.006597922059514196,1
2021-01-26,0.006715380756323977,1
2021-01-27,0.008448670683846483,1
2021-01-28,0.008675842960422274,1
2021-01-29,0.009045518752517922,1
2021-02-01,0.009224493124424095,1
2021-02-02,0.009700917555863208,1
2021-02-03,0.009689711427659958,1
2021-02-04,0.00986545084681593,1
2021-02-05,0.0097833091798141,1
2021-02-08,0.009892857459408388,1
2021-02-09,0.009911467256616261,1
2021-02-10,0.009902204818742558,1
2021-02-11,0.009891048868968095,1
2021-02-12,0.00989412045311357,1
2021-02-16,0.009855152703417039,1
2021-02-17,0.009506563652238242,1
2021-02-18,0.009443178864837089,1
2021-02-19,0.009137799741384033,1
2021-02-22,0.009025641248646151,1
2021-02-23,0.009022789603260454,1
2021-02-24,0.009187999078865422,1
2021-02-25,0.009823829085298823,1
2021-02-26,0.01007276242681085,1
2021-03-01,0.010709022426394422,1
2021-03-02,0.010526932817889165,1
2021-03-03,0.010573091738303918,1
2021-03-04,0.010589599638152113,1
2021-03-05,0.011168588633254352,2
2021-03-08,0.011169768304549164,2
2021-03-09,0.011182317142746631,2
2021-03-10,0.011241218943018204,2
2021-03-11,0.009803075461551635,1
2021-03-12,0.009561553576565237,1
2021-03-15,0.008701452586753963,1
2021-03-16,0.008748334542909138,1
2021-03-17,0.008323980836694018,1
2021-03-18,0.008735022417428876,1
2021-03-19,0.008525770418607293,1
2021-03-22,0.008510573214919624,1
2021-03-23,0.008515490722432184,1
2021-03-24,0.00850877386534122,1
2021-03-25,0.008582007697040121,1
2021-03-26,0.009087357920932699,1
2021-03-29,0.009080306485182661,1
2021-03-30,0.009112802489332116,1
2021-03-31,0.009109208012326266,1
2021-04-01,0.009186925839255811,1
2021-04-05,0.009302018899370414,1
2021-04-06,0.009309676960046923,1
2021-04-07,0.00932316702104037,1
2021-04-08,0.009176858984959055,1
2021-04-09,0.008421396312043717,1
2021-04-12,0.008016113935954864,1
2021-04-13,0.007315852785658691,1
2021-04-14,0.007253488439733772,1
2021-04-15,0.007111492539505829,1
2021-04-16,0.006745266879628437,1
2021-04-19,0.005968278361876358,0
2021-04-20,0.0062895629004290875,1
2021-04-21,0.0063320375076509105,1
2021-04-22,0.00634438870826957,1
2021-04-23,0.006461924661913284,1
2021-04-26,0.006424283693683798,1
2021-04-27,0.006410785695648393,1
2021-04-28,0.006298616260968007,1
2021-04-29,0.0063488971469656055,1
2021-04-30,0.005980157373077668,0
2021-05-03,0.006120282660016809,0
2021-05-04,0.006202887247029417,0
2021-05-05,0.005927794086751735,0
2021-05-06,0.006010354533399955,0
2021-05-07,0.0060242935477089745,0
2021-05-10,0.005447931807266206,0
2021-05-11,0.005762494507225391,0
2021-05-12,0.006630676737462094,1
2021-05-13,0.006856832376018245,1
2021-05-14,0.007040972413107822,1
2021-05-17,0.0068755629782515605,1
2021-05-18,0.007137739658799566,1
2021-05-19,0.007235749428704537,1
2021-05-20,0.007347288535951617,1
2021-05-21,0.007316877486796433,1
2021-05-24,0.007375631934134156,1
2021-05-25,0.007446460643572641,1
2021-05-26,0.007453045305114837,1
2021-05-27,0.007347728449583053,1
2021-05-28,0.007323286954994101,1
2021-06-01,0.007248454122252531,1
2021-06-02,0.007021444559672809,1
2021-06-03,0.006950563147456255,1
2021-06-04,0.006749586082488578,1
2021-06-07,0.006656619551133332,1
2021-06-08,0.006672310779172853,1
2021-06-09,0.006722449972027282,1
2021-06-10,0.006733681170383847,1
2021-06-11,0.00667122663245451,1
2021-06-14,0.006545048834008988,1
2021-06-15,0.0063536821257900245,1
2021-06-16,0.0064824762126468195,1
2021-06-17,0.006518545449643931,1
2021-06-18,0.006912725247467066,1
2021-06-21,0.007495492181304947,1
2021-06-22,0.007494433298433781,1
2021-06-23,0.00733348532192132,1
2021-06-24,0.006682239982500819,1
2021-06-25,0.006470471016041324,1
2021-06-28,0.006100635201537746,0
2021-06-29,0.006117155813055688,0
2021-06-30,0.00587688387898173,0
2021-07-01,0.005845035896549057,0
2021-07-02,0.005741049414618439,0
2021-07-06,0.0059028366467196265,0
2021-07-07,0.0058099759191249135,0
2021-07-08,0.005986930276466821,0
2021-07-09,0.006344445477274123,1
2021-07-12,0.006327422994631764,1
2021-07-13,0.006390543650964532,1
2021-07-14,0.006406395547049089,1
2021-07-15,0.0063870106674991595,1
2021-07-16,0.006536885277766924,1
2021-07-19,0.007192658132498919,1
2021-07-20,0.007695119272886326,1
2021-07-21,0.007905023756124192,1
2021-07-22,0.007876418824041352,1
2021-07-23,0.0079623100322433,1
2021-07-26,0.007975077402645336,1
2021-07-27,0.00798378852211131,1
2021-07-28,0.007982959066580583,1
2021-07-29,0.007885956991675307,1
2021-07-30,0.00791703375090851,1
2021-08-02,0.0073492371271819835,1
2021-08-03,0.006859961816689569,1
2021-08-04,0.007170638319152833,1
2021-08-05,0.007333132140434755,1
2021-08-06,0.0072445996931405545,1
2021-08-09,0.007224118761033973,1
2021-08-10,0.007213412675131903,1
2021-08-11,0.007233240113750908,1
2021-08-12,0.0072141103278019186,1
2021-08-13,0.00713053866498048,1
2021-08-16,0.007090610723126953,1
2021-08-17,0.007094522428536998,1
2021-08-18,0.0074230925288251174,1
2021-08-19,0.0072579989487365154,1
2021-08-20,0.00698746081572007,1
2021-08-23,0.0071315729209079125,1
2021-08-24,0.007088983745877386,1
2021-08-25,0.007079266710811751,1
2021-08-26,0.007181935911496758,1
2021-08-27,0.0071788066601080405,1
2021-08-30,0.0062736770916254885,0
2021-08-31,0.005816207152208452,0
2021-09-01,0.0056016339339646564,0
2021-09-02,0.0056543685563922134,0
2021-09-03,0.00554324674892282,0
2021-09-07,0.005702595317323007,0
2021-09-08,0.005695724079865098,0
2021-09-09,0.005786820500538391,0
2021-09-10,0.005771806780179007,0
2021-09-13,0.005717079940186081,0
2021-09-14,0.005901198930481168,0
2021-09-15,0.005938301102101252,0
2021-09-16,0.005616604325979604,0
2021-09-17,0.005443385673203802,0
2021-09-20,0.006093723459787408,0
2021-09-21,0.006083466132308146,0
2021-09-22,0.00631511601751896,1
2021-09-23,0.006874103317084267,1
2021-09-24,0.006876212061187385,1
2021-09-27,0.006880740806240904,1
2021-09-28,0.007295798032326823,1
2021-09-29,0.0072436009127018345,1
2021-09-30,0.007307617806381166,1
2021-10-01,0.007665673023851743,1
2021-10-04,0.00765836593282024,1
2021-10-05,0.007668706672632166,1
2021-10-06,0.007697787628874802,1
2021-10-07,0.007896364670526443,1
2021-10-08,0.007816964727800814,1
2021-10-11,0.007753674364952452,1
2021-10-12,0.007753731161095428,1
2021-10-13,0.007777435467022431,1
2021-10-14,0.008194374139394734,1
2021-10-15,0.008269089860371455,1
2021-10-18,0.008261453015096658,1
2021-10-19,0.008249469917760736,1
2021-10-20,0.008268569541291404,1
2021-10-21,0.008181110375232425,1
2021-10-22,0.008107891880868315,1
2021-10-25,0.00809705291641611,1
2021-10-26,0.007887331353050125,1
2021-10-27,0.008113177232522964,1
2021-10-28,0.008149700884945986,1
2021-10-29,0.008040086766413695,1
2021-11-01,0.007331614580159984,1
2021-11-02,0.007297667953705016,1
2021-11-03,0.007159319613006044,1
2021-11-04,0.006733301517206414,1
2021-11-05,0.006783134252675356,1
2021-11-08,0.006782230837837068,1
2021-11-09,0.006132026415017514,0
2021-11-10,0.006249694776486954,0
2021-11-11,0.005628634025100521,0
2021-11-12,0.005335619747208373,0
2021-11-15,0.00509093371569312,0
2021-11-16,0.00497791371672312,0
2021-11-17,0.005174011994102108,0
2021-11-18,0.005030396681461095,0
2021-11-19,0.005395911654900277,0
2021-11-22,0.00514535413125638,0
2021-11-23,0.005215588663382341,0
2021-11-24,0.005210077367986575,0
2021-11-26,0.006413853163602564,1
2021-11-29,0.006339618358287242,1
2021-11-30,0.007496894551036032,1
2021-12-01,0.0075532120524780064,1
2021-12-02,0.008406258749541809,1
2021-12-03,0.008421825616244452,1
2021-12-06,0.00875376510319704,1
2021-12-07,0.009144520768279842,1
2021-12-08,0.009137372198447796,1
2021-12-09,0.008897739155265639,1
2021-12-10,0.008918998461438902,1
2021-12-13,0.009023251374717422,1
2021-12-14,0.009036974018180904,1
2021-12-15,0.00924214434286309,1
2021-12-16,0.009226862839809965,1
2021-12-17,0.009586474789511041,1
2021-12-20,0.009663069513437284,1
2021-12-21,0.010076402390103264,1
2021-12-22,0.01014736571795132,1
2021-12-23,0.010170169486828164,1
2021-12-27,0.010339591272124471,1
2021-12-28,0.010309985956242745,1
2021-12-29,0.010308690208387839,1
2021-12-30,0.01031001342665576,1
2021-12-31,0.010246060945768382,1
2022-01-03,0.010265345376004806,1
2022-01-04,0.010206622402750703,1
2022-01-05,0.010397976246908058,1
2022-01-06,0.010343166614285946,1
2022-01-07,0.010342757249258368,1
2022-01-10,0.009369432979222042,1
2022-01-11,0.009429825406309522,1
2022-01-12,0.008366311630620118,1
2022-01-13,0.008193907948078687,1
2022-01-14,0.007518806358126509,1
2022-01-18,0.007971191917160645,1
2022-01-19,0.007764281524259546,1
2022-01-20,0.007493796719150825,1
2022-01-21,0.008086208137144855,1
2022-01-24,0.00806326711796941,1
2022-01-25,0.007914721874870391,1
2022-01-26,0.007898432108971086,1
2022-01-27,0.00787446453213685,1
2022-01-28,0.008212368832164705,1
2022-01-31,0.00860320704622233,1
2022-02-01,0.008421988854000181,1
2022-02-02,0.008178776469407269,1
2022-02-03,0.008330863182077918,1
2022-02-04,0.008250700688144694,1
2022-02-07,0.008180380446526242,1
2022-02-08,0.007969220241747075,1
2022-02-09,0.008323462308956354,1
2022-02-10,0.008735010202931976,1
2022-02-11,0.008912454771852436,1
2022-02-14,0.008952839789565622,1
2022-02-15,0.009108365216501242,1
2022-02-16,0.00889180983206602,1
2022-02-17,0.009106849397320902,1
2022-02-18,0.009110834229623412,1
2022-02-22,0.00923594075680244,1
2022-02-23,0.009454680649375208,1
2022-02-24,0.00931305995777126,1
2022-02-25,0.010789794483504677,2
2022-02-28,0.010747553897220917,2
2022-03-01,0.010960155466151006,2
2022-03-02,0.011307969198467395,2
2022-03-03,0.011287273983104447,2
2022-03-04,0.011204740531914326,2
2022-03-07,0.011622585283247314,2
2022-03-08,0.01167621054769196,2
2022-03-09,0.012223138820266715,2
2022-03-10,0.012169912034023943,2
2022-03-11,0.012284112187685395,2
2022-03-14,0.011866198488497971,2
2022-03-15,0.011923113496776246,2
2022-03-16,0.012157820281096948,2
2022-03-17,0.012485439836307859,2
2022-03-18,0.012225867566530645,2
2022-03-21,0.012225700032197556,2
2022-03-22,0.01230697218657801,2
2022-03-23,0.012453955933253656,2
2022-03-24,0.012368135116293977,2
2022-03-25,0.012093997662171032,2
2022-03-28,0.011919194755887591,2
2022-03-29,0.012014671596208561,2
2022-03-30,0.011932418166616363,2
2022-03-31,0.012246230103852195,2
2022-04-01,0.011895694085468695,2
2022-04-04,0.011824123132904547,2
2022-04-05,0.011800027222945795,2
2022-04-06,0.01150828737664249,2
2022-04-07,0.011508394806166609,2
2022-04-08,0.01048255351993151,1
2022-04-11,0.010709953427547374,1
2022-04-12,0.010389226759899499,1
2022-04-13,0.010034896733787834,1
2022-04-14,0.01007188381082484,1
2022-04-18,0.010037134266209563,1
2022-04-19,0.009093608080029297,1
2022-04-20,0.008971359972683855,1
2022-04-21,0.009056939775688607,1
2022-04-22,0.010317220586601197,1
2022-04-25,0.010149963489461082,1
2022-04-26,0.01088582407099372,2
2022-04-27,0.010534650678027746,1
2022-04-28,0.010879644309446913,2
2022-04-29,0.011903640455238883,2
2022-05-02,0.011804372226607468,2
2022-05-03,0.011883977435259936,2
2022-05-04,0.013077942134599362,2
2022-05-05,0.0138818238177931,2
2022-05-06,0.013717169342639831,2
2022-05-09,0.014537949698472368,2
2022-05-10,0.014498630887912685,2
2022-05-11,0.014252021761574769,2
2022-05-12,0.014272930844622762,2
2022-05-13,0.014894770345714048,2
2022-05-16,0.01484438643362969,2
2022-05-17,0.015224249912201192,2
2022-05-18,0.016410751929690597,2
2022-05-19,0.016410719521140853,2
2022-05-20,0.016362497546050084,2
2022-05-23,0.0168460045961338,2
2022-05-24,0.016773806987670038,2
2022-05-25,0.016907673682256208,2
2022-05-26,0.01715165483050689,2
2022-05-27,0.017609426130545315,2
2022-05-31,0.01764757345221022,2
2022-06-01,0.017468014043314568,2
2022-06-02,0.01783309617456944,2
2022-06-03,0.017663554066596858,2
2022-06-06,0.01703044623781424,2
2022-06-07,0.01713946148828708,2
2022-06-08,0.016783457196080646,2
2022-06-09,0.01726240602982399,2
2022-06-10,0.017320688699216782,2
2022-06-13,0.017630492423508396,2
2022-06-14,0.017603945510802133,2
2022-06-15,0.017687698165050277,2
2022-06-16,0.0172661204899365,2
2022-06-17,0.01665983627690743,2
2022-06-21,0.017369654591138962,2
2022-06-22,0.01658091284354224,2
2022-06-23,0.01661686465777133,2
2022-06-24,0.01738700390354644,2
2022-06-27,0.01738797897484578,2
2022-06-28,0.017083497575939,2
2022-06-29,0.017087538415713255,2
2022-06-30,0.016793048748472043,2
2022-07-01,0.0156777475233113,2
2022-07-05,0.015697818328040736,2
2022-07-06,0.015696494749033545,2
2022-07-07,0.015506449912677847,2
2022-07-08,0.015508994357354597,2
2022-07-11,0.015469484513113446,2
2022-07-12,0.01510288238952046,2
2022-07-13,0.014495049236397323,2
2022-07-14,0.014504746188421203,2
2022-07-15,0.015171189653712653,2
2022-07-18,0.014703728537088788,2
2022-07-19,0.015619518667815722,2
2022-07-20,0.015643790709776586,2
2022-07-21,0.015527737256941117,2
2022-07-22,0.015462824090512996,2
2022-07-25,0.015010039744200131,2
2022-07-26,0.014429004739765706,2
2022-07-27,0.013125949329012135,2
2022-07-28,0.013242233985088487,2
2022-07-29,0.013262001386584397,2
2022-08-01,0.011969990018535652,2
2022-08-02,0.012061816961550535,2
2022-08-03,0.011526902254812687,2
2022-08-04,0.011510581274908862,2
2022-08-05,0.011506910076660413,2
2022-08-08,0.010400013102537355,1
2022-08-09,0.010405561311059481,1
2022-08-10,0.01037288216916811,1
2022-08-11,0.01031207298033475,1
2022-08-12,0.010335271487986571,1
2022-08-15,0.010188389536525051,1
2022-08-16,0.010035387561310186,1
2022-08-17,0.010178482602268599,1
2022-08-18,0.009985180741436003,1
2022-08-19,0.010257025112171718,1
2022-08-22,0.010722893650315408,1
2022-08-23,0.010589241001911262,1
2022-08-24,0.01049850356645534,1
2022-08-25,0.010392719303230527,1
2022-08-26,0.011523416343943545,2
2022-08-29,0.011502775282300272,2
2022-08-30,0.01073869376749512,1
2022-08-31,0.010809025341365306,2
2022-09-01,0.010784077667087928,2
2022-09-02,0.010850972229732614,2
2022-09-06,0.01086374809792679,2
2022-09-07,0.011055112667194666,2
2022-09-08,0.010619750151072053,1
2022-09-09,0.010629629171507445,1
2022-09-12,0.01056280988532549,1
2022-09-13,0.012791253800414352,2
2022-09-14,0.012750934682448168,2
2022-09-15,0.01268227105012714,2
2022-09-16,0.012768049952473512,2
2022-09-19,0.012843535880156295,2
2022-09-20,0.013045866005886829,2
2022-09-21,0.013317089644597968,2
2022-09-22,0.012743967592311327,2
2022-09-23,0.01307678261167362,2
2022-09-26,0.012666857886385554,2
2022-09-27,0.012587003327623785,2
2022-09-28,0.01362593548634173,2
2022-09-29,0.013852114473111183,2
2022-09-30,0.013914471488425242,2
2022-10-03,0.015130368607324349,2
2022-10-04,0.016255705685029893,2
2022-10-05,0.016252548717113673,2
2022-10-06,0.01626292818701771,2
2022-10-07,0.01636468537008367,2
2022-10-10,0.01563273684631281,2
2022-10-11,0.01563610651216939,2
2022-10-12,0.015568165339488573,2
2022-10-13,0.016447271880373895,2
2022-10-14,0.016782376471532478,2
2022-10-17,0.017360988150572472,2
2022-10-18,0.017583534307957772,2
2022-10-19,0.017275416960856865,2
2022-10-20,0.017210131937692316,2
2022-10-21,0.017663848159553863,2
2022-10-24,0.017697166355949586,2
2022-10-25,0.016489574698826996,2
2022-10-26,0.016484434785689606,2
2022-10-27,0.01636402154580131,2
2022-10-28,0.016644261819975092,2
2022-10-31,0.01666979310544775,2
2022-11-01,0.016433761045167875,2
2022-11-02,0.01662624708614199,2
2022-11-03,0.016581918272371068,2
2022-11-04,0.01622363065617245,2
2022-11-07,0.015984552910146665,2
2022-11-08,0.015959796047857848,2
2022-11-09,0.01592760878330031,2
2022-11-10,0.017356384923410496,2
2022-11-11,0.016918813133774732,2
2022-11-14,0.01647523947114906,2
2022-11-15,0.015646444258760564,2
2022-11-16,0.015734315561070366,2
2022-11-17,0.015573526339093284,2
2022-11-18,0.014822894970349816,2
2022-11-21,0.014733725527261498,2
2022-11-22,0.014689789963103054,2
2022-11-23,0.014639063835362317,2
2022-11-25,0.014087814380363118,2
2022-11-28,0.013732416837870477,2
2022-11-29,0.013314006220887424,2
2022-11-30,0.013703462047798638,2
2022-12-01,0.013638241515959697,2
2022-12-02,0.01350593438404764,2
2022-12-05,0.013604134411269687,2
2022-12-06,0.01382142181077048,2
2022-12-07,0.013614943729952703,2
2022-12-08,0.013631821165512514,2
2022-12-09,0.01376050777215571,2
2022-12-12,0.01357655696439896,2
2022-12-13,0.01351602802043684,2
2022-12-14,0.013561116476207988,2
2022-12-15,0.013584614572958403,2
2022-12-16,0.01370125300637267,2
2022-12-19,0.013545308944870119,2
2022-12-20,0.013432043009488883,2
2022-12-21,0.013649676323961862,2
2022-12-22,0.01335303386783333,2
2022-12-23,0.010384381450378389,1
2022-12-27,0.010274657176562087,1
2022-12-28,0.010415287387656784,1
2022-12-29,0.010611995310235885,1
2022-12-30,0.010530627305251469,1
